Item Name,Description,Category,Vendor,SKU,Internal Code,Unit of Measure,Pack Size,Cost per Unit,Reorder Threshold,Max Par Level,Lead Time (days),Product Image URL,Review Flag
Alcohol Pads,,Medical Supplies,McKesson,191089,A035,box,200,,15,30,7,,
"Anoscope, Lighted",,Medical Supplies,McKesson,131083,A045,box,25,,0,1,7,,
Travel Health Companion Booklet,,Office / Admin,Shoreland,CPC-A,B010,each,1,,50,200,7,,
"Basin, 16 oz Round, Sterile",,Medical Supplies,McKesson,161456,B600,each,1,,10,20,7,,
Contact Lens Case,,Lab Supplies,ProOptics,CL5OA,C030,pack,10,,2,10,7,,
"Cotton Swab, Non-Sterile, 8""",,Medical Supplies,McKesson,282621,C043,box,50,,15,35,7,,
"Medicine, 1 oz Cups",,Medication / Pharmacy,McKesson,188720,C060,pack,100,,2,12,7,,
"Graston Cream, PT, 4 oz. Jar",,Physical Therapy / Ortho,Graston Technique,INEM-JAR 4 oz,C090,jar,1,,8,20,7,,
"Distilled Water, 1 Gal",,Office / Admin,Guy Brown,24553800,D011,gallon,1,,,,7,,Missing par/max
Dual Enzymatic Instrument Detergent Liquid Concentrate,,Cleaning / Disinfection,McKesson,373982,D012,gallon,1,,1,4,7,,
Dual Enzymatic Instrument Detergent Foam,,Cleaning / Disinfection,McKesson,459650,D013,bottle,1,,2,4,7,,
"Sani-Wipes, Dispenser",,Cleaning / Disinfection,McKesson,880563,D025,can,160,,8,20,7,,
Scrub Brush,,Cleaning / Disinfection,McKesson,436489,D030,box,30,,1,2,7,,
"Drapes, Plastic Back, Non-Sterile",,Medical Supplies,McKesson,151896,D035,pack,25,,7,47,7,,
"Drapes, Patient Cover Sheets",,Medical Supplies,McKesson,40421,D040,box,100,,10,20,7,,
Sterile Procedure Drapes,,Medical Supplies,McKesson,153440,D045,pack,10,,10,30,7,,
Steridrapes,,Medical Supplies,McKesson,5717,D050,box,10,,1,4,7,,
"Adaptic Dressing, 3X3",,Medical Supplies,McKesson,4633,D071,pack,4,,5,17,7,,
"Tegaderm Dressing 4 X 4 3/4""",,Medical Supplies,McKesson,121652,D080,box,50,,1,4,7,,
"Coverlet Bandage, 3/4X3",,Medical Supplies,McKesson,1212116,D090,box,100,,12,27,7,,
"Coverlet Bandage, 7/8"" Spot",,Medical Supplies,McKesson,29503,D092,box,100,,2,6,7,,
"Coverlet Bandage, Knuckle",,Medical Supplies,McKesson,466873,D095,box,100,,2,6,7,,
"Dressing, Bandage 1"" Oval",,Medical Supplies,McKesson,1103072,D096,box,100,,6,18,7,,
"Kling, 2"" X145, Sterile",,Medical Supplies,McKesson,999367,D110,each,1,,12,48,7,,
"Kling, 3"" X75, Sterile",,Medical Supplies,McKesson,999364,D111,each,1,,12,48,7,,
"Kerlex, 4.5 X 6 Ply",,Medical Supplies,McKesson,10173,D120,each,1,,4,10,7,,
"Gauze Sponge, 2X2 Non-Sterile",,Medical Supplies,McKesson,9975,D130,pack,200,,5,100,7,,
"Gauze Sponge, 4X4 Non-Sterile",,Medical Supplies,McKesson,10001,D131,pack,200,,15,25,7,,
"Gauze Sponge, 2X2 Sterile",,Medical Supplies,McKesson,575163,D132,box,50,,2,8,7,,
"Gauze Sponge, 4X4 Sterile",,Medical Supplies,McKesson,688659,D133,tray,25,,4,6,7,,
"Cover Sponge, 4X3 Sterile",,Medical Supplies,McKesson,688661,D134,tray,1,,2,6,7,,
"Packing Gauze, Plain",,Medical Supplies,McKesson,224790,D141,jar,1,,0,1,7,,
"Steri Strips, 1/8""",,Medical Supplies,McKesson,5779,D150,box,50,,0,1,7,,
Mastisol Adhesive,,Medical Supplies,McKesson,384949,D160,each,1,,12,60,7,,
Detachol Adhesive Remover,,Medical Supplies,McKesson,916822,D161,each,1,,2,48,7,,
"Eye Dropper, Nalgene, 68Ml",,Medical Supplies,McKesson,4061110005,D190,pack,10,,5,15,7,,
"Electrodes, 3M Red Dot",,Medical Supplies,McKesson,512994,E018,pack,100,,10,40,7,,
EKG Paper F/Eli-150 Z-Fold Mortar,,Office / Admin,McKesson,546544,E022,pack,1,,4,24,7,,
Emesis Bag (Sicsac),,Medical Supplies,McKesson,187046,E030,pack,10,,0,10,7,,
Panty Liners,,Medical Supplies,McKesson,1197231,F010,pack,16,,5,25,7,,
Sanitary Napkins,,Office / Admin,HP Products,113013,F011,pack,10,,5,30,7,,
Tampons,,Medical Supplies,McKesson,999966,F012,pack,50,,5,15,7,,
"Finger Splint, Aluminum Strip W/Foam",,Physical Therapy / Ortho,Zimmer,548-01,F030,box,12,,,,7,,Missing par/max
"Appointment Cards (Order 8 Up In In Black Only, No Stacking)",,Medication / Pharmacy,Document Svc,,FM040,pack,50,,10,45,7,,
"Health Insurance Claim Form, HCFA 1500",,Office / Admin,Tabco,CM 44,FM240,box,500,,1,4,7,,
"LIS Labels, Large (General)",,Lab Supplies,LPS,,FM400,roll,2000,,5,29,7,,
Flickaway Auxiliary Labels (For Pharmacy),,Lab Supplies,Pharmex,16009rxstl,FM465,box,1000,,20,50,7,,
"Latex, Non-Sterile, Non-Powdered, Med",,Medical Supplies,McKesson,LS3182,G015,box,100,,20,60,7,,
"Latex, Non-Sterile, Non-Powdered, Lg",,Medical Supplies,McKesson,921594,G020,box,100,,5,15,7,,
"Gloves, Nitrile, Sm",,Medical Supplies,McKesson,765874 or 703150,G050,box,200,,12,40,7,,
"Gloves, Nitrile, Med",,Medical Supplies,McKesson,765875,G055,box,200,,12,40,7,,
"Gloves, Nitrile, Large",,Medical Supplies,McKesson,765876,56,box,200,,4,14,7,,
"Gloves, Nitrile, XL",,Medical Supplies,McKesson,921605,G057,box,200,,1,6,7,,
"Latex, Non-Sterile, Unisize",,Lab Supplies,Labsco,HPI 6103,G060,box,100,,1,3,7,,
"Gloves, Sterile Sz. 6",,Medical Supplies,McKesson,1044720,G091,pair,1,,25,75,7,,
"Gloves, Sterile Sz. 6.5",,Medical Supplies,McKesson,1044721,G092,pair,1,,25,75,7,,
"Gloves, Steril Sz 7",,Medical Supplies,McKesson,1044722,G093,pair,1,,20,50,7,,
"Gloves, Sterile Sz 7.5",,Medical Supplies,McKesson,1044723,G094,pair,1,,25,75,7,,
"Gloves, Sterile Sz 9",,Medical Supplies,McKesson,1044726,G096,pair,1,,10,40,7,,
"Cups, Hot/Cold, 6Oz, Styrofoam",,Medical Supplies,Food Stores,113603,HC080,pack,25,,5,45,7,,
"Plates, Paper, Heavy, 9""",,Office / Admin,Food Stores,145320,HP 050,pack,125,,3,19,7,,
"IV Tubing, Vented W/Vent Spike",,Medical Supplies,Midwest,BAXTER 2H8480,I 010,each,1,,25,55,7,,
"IV Tubing, Non-Vented, Continu-Flo, No Filter",,Medical Supplies,McKesson,461366,I 020,each,1,,10,58,7,,
"Safety-Lok Blood Collection Set, 23G (Butterfly)",,Medical Supplies,McKesson,1013024,LB015,box,50,,1,6,7,,
"Bags, Biohazard, Transvelope",,Medical Supplies,McKesson,762458,LB030,box,1000,,1,3,7,,
"Boxes, Glass, Disposable",,Medical Supplies,Midwest,,LB035,pack,6,,0,1,7,,
"Collector, Commode, Stool",,Medical Supplies,McKesson,159648,LC010,each,1,,20,120,7,,
"Cups, Sterile, (No Subs)Bags Of 75",,Medical Supplies,McKesson,503927,LC050,bag,75,,8,16,7,,
"Gloves, Latex Small",,Medical Supplies,McKesson,921592,LG010,box,100,,20,40,7,,
"Gloves, Latex Medium",,Medical Supplies,McKesson,921593,LG015,box,100,,0,10,7,,
"Holder, Vacutainer, Needle",,Lab Supplies,McKesson,458363,LH020,bag,250,,1,5,7,,
"Holder, Needle Protection (Orange)",,Medical Supplies,McKesson,221590,LH030,bag,25,,12,42,7,,
"Microscope Cover Slips, 22Mmx22Mm",,Lab Supplies,McKesson,938364,LM010,pack,1,,3,13,7,,
"Microscope Cover Slips, 24Mmx40Mm",,Lab Supplies,McKesson,936783,LM030,box,1,,0,2,7,,
"Microscope Slides, Single Frosted End 1X3",,Lab Supplies,McKesson,938362,LM065,box,72,,4,18,7,,
"Needle Sheath, Safety Device (Red)",,Medical Supplies,McKesson,419816,LN010,bag,100,,0,1,7,,
"Needle, Blood Collection 21G 1"" Visio",,Medical Supplies,McKesson,860544,LN021,box,100,,5,10,7,,
"Pipettes, Non-Sterile, Transfer",,Medical Supplies,McKesson,768918,LP020,box,500,,1,3,7,,
"Towelette, Soap",,Medical Supplies,McKesson,689284 or 120257,LT010,box,100,,5,20,7,,
"Tubes, Vacutainer, 4Ml, Lavender, Plastic",,Lab Supplies,McKesson,1008505,LT050,box,100,,10,30,7,,
"Tubes, Test, 13X100Mm",,Medical Supplies,Fisher,14-957866,LT060,box,250,,0,1,7,,
"Tubes, Transport, W/ Red Screw Cap",,Medical Supplies,Evergreen,240-3010-R60,LT070,box,1000,,0,1,7,,
"Wipes, Disposable, Kim",,Cleaning / Disinfection,McKesson,188618 or 381116,LW010,box,280,,6,16,7,,
"Wipes, Biohazard, 4"" X 4""",,Cleaning / Disinfection,McKesson,906304,LW020,pack,150,,0,12,7,,
"Mask, Hi Filtration, Paper Procedure",,Office / Admin,McKesson,1196784,M006,box,50,,20,50,7,,
"Masks, N95 Respirator/Surgical Masks",,Medical Supplies,Midwest,3M8210,M007,box,20,,25,50,7,,Duplicate internal code
"Masks, Aura N95 - 1870+",,Medical Supplies,,,M007,bag,20,,25,50,7,,Missing vendor; Duplicate internal code
"Masks, Particulate Respirator",,Medical Supplies,PSS,29833,M008,box,20,,50,100,7,,
Mouthpiece. Respironics Peak Flowmeter,,Medical Supplies,McKesson,404084,M050,case,100,,1,3,7,,
Nebulizer Tubing W/T Adapter,,Medical Supplies,McKesson,226986,N010,each,1,,50,100,7,,
"22G, 1½"", Safety",,Medical Supplies,McKesson,1159356,N120,box,100,,0,2,7,,
"23G, 1"", Safety",,Medical Supplies,McKesson,329649,N150,box,50,,10,30,7,,
"25G, 5/8"", Safety",,Medical Supplies,McKesson,1168031,N160,box,50,,10,20,7,,
"25G, 1"", Safety",,Medical Supplies,McKesson,1150038,N 170,box,50,,10,25,7,,
"25G, 1-1½"" Needle",,Medical Supplies,McKesson,1159360,N175,box,100,,3,10,7,,
"27G, ½"" Needle",,Medical Supplies,McKesson,1159363,N180,box,100,,5,20,7,,
"30G, 1/2"" Needle",,Medical Supplies,McKesson,145374,N190,box,100,,1,4,7,,
"30G, 1"" Needle",,Medical Supplies,McKesson,171222,N200,box,100,,1,4,7,,
"Oxygen Face Mask W/Tubing, Disposable, 84""",,Medical Supplies,McKesson,226849,O010,each,1,,0,1,7,,
"Bags, IUHC, Plastic 1000/$510",,Office / Admin,Tabco,,OB010,pack,50,,5,25,7,,
"Battery, AA",,Office / Admin,Staples,464050,OB050,each,1,,24,72,7,,
"Battery, AAA",,Office / Admin,Staples,DURMN24P36,OB060,each,1,,6,30,7,,
"Battery, C",,Office / Admin,Staples,410699,OB070,each,1,,18,42,7,,
"Battery, D",,Office / Admin,Staples,410698,OB080,each,1,,16,64,7,,
"Battery, 9V",,Office / Admin,Staples,503573,OB090,each,1,,0,4,7,,
"Sheet Protector, Clear Plastic, 3-Hole",,Office / Admin,Staples,64101,OB100,each,1,,0,50,7,,
"1"" 3-Ring Binder",,Office / Admin,Staples,24416747,OB110,each,1,,0,2,7,,
Calendar Refills,,Office / Admin,Guy Brown,,OC020,each,1,,0,10,7,,
"Campus Envelope, Large, Red Edge",,Office / Admin,Document Svc,PR755,OE020,pack,50,,15,35,7,,
"Plain Envelope, Large, White",,Office / Admin,Staples,187013,OE050,pack,20,,1,26,7,,
"Iu Return Address Envelope, Large",,Office / Admin,Print,,OE070,pack,50,,15,40,7,,
Double Window Envelope,,Office / Admin,Staples,266759,OE080,box,500,,2,4,7,,
"Manila Envelope, 6""X9""",,Office / Admin,Staples,534693,OE095,pack,10,,7,17,7,,
"Manila Envelope, 9""X12""",,Office / Admin,Staples,486940,OE110,pack,10,,5,30,7,,
"Manila Envelope, 10""X13""",,Office / Admin,Staples,487494,OE120,pack,10,,3,13,7,,
"Manila Envelope, 11.5"" X 14.5""",,Office / Admin,Staples,535039,OE 130,pack,10,,0,5,7,,
"File Folders, Hanging, Letter Size",,Office / Admin,Staples,116764,OF060,each,1,,25,50,7,,
"File Folders, Letter Size, Tab On Right",,Office / Admin,Staples,508812,OF070,each,1,,10,50,7,,
"File Pocket, Letter Size",,Office / Admin,Guy Brown,F124915,OF080,each,1,,0,50,7,,
Labels For Dymo Printer 1-Up,,Lab Supplies,Guy Brown,377179,OL050,box,700,,20,40,7,,
"Fax, Printer Or Copier, Bond, 8.5""X11""",,Office / Admin,Staples,135848,OP010,ream,500,,50,120,7,,
"Bond, Canary, 8.5""X11""",,Office / Admin,Staples,490948,OP020,ream,500,,4,24,7,,
"IUSHC Letterhead, 8.5""X11""",,Office / Admin,Document Svc,,OP035,pack,100,,0,5,7,,
"Notebook, Stenographer",,Office / Admin,Staples,163485,OP050,pad,1,,12,36,7,,
"Post-It-Notes, Yellow, 1.5""X2""",,Office / Admin,Staples,105791,OP055,pad,1,,36,96,7,,
"Post-It-Notes, Yellow, 3""X3""",,Office / Admin,Staples,704406,OP060,pad,1,,36,120,7,,
"Post-It-Notes, Yellow, 3""X5""",,Office / Admin,Staples,130229,OP065,pad,1,,24,72,7,,
"Scratch Pad, White, 4""X6""",,Office / Admin,Staples,811131,OP080,pad,1,,12,36,7,,
"Scratch Pad, Ruled, Yellow, Legal",,Office / Admin,Staples,831293,OP085,pad,1,,12,36,7,,
"Scratch Pad, Ruled, White, Letter",,Office / Admin,Staples,246793,OP090,pad,1,,12,36,7,,
Telephone Message,,Office / Admin,Staples,248963,OP100,pad,50,,4,26,7,,
Transmittal Slip,,Office / Admin,Document Svc,,OP110,pad,100,,1,5,7,,
"Paper Clamps. #2, 1.5""",,Office / Admin,Staples,378812,OP200,box,50,,0,2,7,,
"Paper Clips, #1",,Office / Admin,Staples,472480,OP210,box,100,,10,30,7,,
"Paper Clips, Jumbo, 2""",,Office / Admin,Staples,525923,OP220,box,100,,10,30,7,,
"Ball Point Pen, Black, Fine Point",,Office / Admin,Staples,123729,OP400,box,12,,4,16,7,,
"Ball Point Pen, Black, Medium Point",,Office / Admin,Staples,382241,OP410,box,12,,4,16,7,,
"Felt-Tip Pen, Red",,Office / Admin,Guy Brown,2336362,OP430,each,1,,2,14,7,,
"Highlighter Marker, Yellow",,Office / Admin,Staples,104869,OP440,each,1,,4,16,7,,
"Mechanical Lead Refill, 0.5Mm",,Office / Admin,Staples,108381,OP510,pack,12,,1,13,7,,
"Purell Hand Sanitizer, 12 oz",,Medical Supplies,McKesson,714107,OS010,each,1,,12,72,7,,
Staples,,Office / Admin,Staples,UNV7900VP,OS020,box,5000,,1,6,7,,
"Calculator Tape, 2 1/4""",,Office / Admin,Staples,901656,OT030,each,1,,2,14,7,,
"Invisible Scotch Tape, 3/4""",,Office / Admin,Staples,512320,OT040,roll,1,,12,36,7,,
Double-Sided Scotch Tape,,Office / Admin,Staples,727095,OT 050,roll,1,,2,8,7,,
Tissues - Regular,,Medical Supplies,McKesson,60594,OT 230,box,125,,72,144,7,,
Tissues - Small,,Medical Supplies,McKesson,122358,OT 240,box,40,,20,80,7,,
"Tissues, Individual Packs",,Medical Supplies,,,OT250,each,1,,,,7,,Missing par/max; Missing vendor
Peak Flowmeters,,Medical Supplies,McKesson,489086,P075,each,1,,5,20,7,,
"Pillowcases, Disposable",,Medication / Pharmacy,McKesson,1107575,P 099,case,100,,1,4,7,,
"Normal Saline, 250Ml",,Medical Supplies,McKesson,520118,S 010,bottle,1,,18,66,7,,
Normal Saline 30 Ml Saljet,,Medical Supplies,McKesson,583034,S 015,box,40,,4,10,7,,
"Scalpel, Dispos. W/Safety Guard Sz 11",,Medical Supplies,McKesson,911767,S 020,box,10,,3,7,7,,
"Scalpel, Disposable W/Handles, Sz 15",,Medical Supplies,McKesson,410894,S 025,box,10,,2,6,7,,
"Surgical Blades, Sz 15",,Medical Supplies,McKesson,199999,S 030,box,50,,1,3,7,,
"Sharps Container, Lab, 1.4 Qt",,Lab Supplies,McKesson,140597,S 050,each,1,,10,46,7,,
"Sharps Container, Ac Wall, 5 Qt",,Medical Supplies,McKesson,855126,S 055,each,1,,10,40,7,,
"Sharps Container, 6.9 Qt",,Medical Supplies,McKesson,140599,S 060,each,1,,12,36,7,,
"Sharps Container, Lab, 2 Gallon",,Lab Supplies,McKesson,855063 or 138112,S 065,each,1,,12,36,7,,
"Speculum Covers, 4.25Mm",,Medical Supplies,McKesson,487037,S130,bag,850,,4,8,7,,
"Vaginal Speculums, Lighted, Medium",,Medical Supplies,McKesson,584270,S 140,box,25,,0,1,7,,
"Vaginal Speculums, Lighted, Small",,Medical Supplies,McKesson,584269,S 150,box,24,,10,46,7,,
"Syringe, Tuberculin, 1 Ml, No Needle, W/Luer Lock",,Medical Supplies,McKesson,1266868,S 200,box,100,,15,30,7,,
"Syringe, 3Cc 20G 1 1/2"" Needle",,Medical Supplies,McKesson,BD 309579,S 210,box,100,,0,1,7,,
"Syringe, 3Cc, 22G, 1 1/2"" Needle, Safety",,Medical Supplies,McKesson,338357 or 1168028,S 215,box,50,,1,3,7,,
"Syringe, 3Cc, 23G, 1"" Needle, Safety",,Medical Supplies,McKesson,338356,S 220,box,50,,6,20,7,,
"Syringe, 3Cc, 25G 1"" Needle, Safety",,Medical Supplies,McKesson,567286,S 225,box,50,,8,16,7,,
"Syringe, 3Cc, 25G, 5/8"" Needle, Safety",,Medical Supplies,McKesson,338355 or 1150042,S 230,box,50,,2,9,7,,
"Syringe, 60Cc",,Medical Supplies,McKesson,1257388,S 235,box,25,,2,4,7,,
"Aso Ankle, X-Small",,Sale Items,Ortho Depot,,SI A300,each,1,,2,6,7,,
"Aso Ankle, Small",,Sale Items,McKesson,,SI A301,each,1,,3,9,7,,
"Aso Ankle, Medium",,Sale Items,McKesson,,SI A302,each,1,,3,12,7,,
"Aso Ankle, Large",,Sale Items,McKesson,,SI A303,each,1,,2,8,7,,
"Aso Ankle, X-Large",,Sale Items,Ortho Depot,,SI A304,each,1,,1,3,7,,
"Aso Ankle, Xx-Large",,Sale Items,Ortho Depot,,SI A305,each,1,,0,1,7,,
Air Walker/Sm,,Sale Items,DJ Ortho,,SI A400,each,1,,6,12,7,,
Air Walker/Med,,Sale Items,DJ Ortho,,SI A401,each,1,,12,26,7,,
Air Walker/Lg,,Sale Items,DJ Ortho,,SI A402,each,1,,8,16,7,,
Air Walker/X-Large,,Sale Items,DJ Ortho,,SIA403,each,1,,2,4,7,,
"Air Traveler Ankle Walker, X-Small",,Sale Items,McKesson,482772,SI A440,each,1,,2,4,7,,
"Air Traveler Ankle Walker, Medium",,Sale Items,McKesson,482774,SI A442,each,1,,4,10,7,,
"Air Traveler Ankle Walker,Large",,Sale Items,McKesson,482775,SI A443,each,1,,4,10,7,,
"Air Traveler Ankle Walker, X-Large",,Sale Items,McKesson,482776,SI A444,each,1,,2,5,7,,
Ankle Sprain Kt/Sm/Left,,Sale Items,DJ Ortho,,SI A600,each,1,,0,0,7,,
Ankle Sprain Kt/Sm/Right,,Sale Items,DJ Ortho,,SI A601,each,1,,0,0,7,,
"Ankle Sprain Brace, Standard, Left",,Sale Items,DJ Ortho,,SI A602,each,1,,4,15,7,,
"Ankle Sprain Brace, Standard, Right",,Sale Items,DJ Ortho,,SI A603,each,1,,4,15,7,,
"Envelope Sling, Medium",,Sale Items,McKesson,410175,SI A750,each,1,,5,12,7,,
"Envelope Sling, Large",,Sale Items,McKesson,380619,SI A751,each,1,,2,5,7,,
"Strap Sling, Large",,Sale Items,McKesson,989413,SI A752,each,1,,0,1,7,,
Basin,,Sale Items,McKesson,199095,SI B500,each,1,,0,1,7,,
Cane,,Sale Items,McKesson,762919,SI C010,each,1,,0,6,7,,
"Crutches, Youth",,Sale Items,McKesson,1065233,SIC045,pair,1,,0,8,7,,
"Crutches, Medium",,Sale Items,McKesson,1065294,SIC050,case,8,,0,8,7,,
"Crutches, Large",,Sale Items,McKesson,1065231,SIC055,case,8,,0,8,7,,
Hot/Cold Compress,,Sale Items,McKesson,365653,SIC500,each,1,,72,120,7,,
"Ace Wrap, 2""",,Sale Items,McKesson,500543,SI D300,each,1,,0,10,7,,
"Ace Wrap, 3"" Velcro Closure",,Sale Items,McKesson,500544,SI D301,each,1,,10,30,7,,
"Ace Wrap, 4"" Velcro Closure",,Sale Items,McKesson,500545,SI D302,each,1,,10,40,7,,
"Ace Wrap, 6"" Non-Velcro Closure",,Sale Items,McKesson,488157,SI D303,each,1,,2,12,7,,
"Adaptic, 3X3 (4 pkgs)",,Sale Items,McKesson,4633,SI D400,pack,4,,5,17,7,,
"Coban 2""",,Sale Items,McKesson,172312,SI D501,each,1,,10,30,7,,Duplicate item name
"Kling, 2""",,Sale Items,McKesson,999367,SI D600,each,1,,12,24,7,,
"Kling, 3""",,Sale Items,McKesson,188587,SI D601,each,1,,12,48,7,,
"Gauze, Sterile, 2X2 (10 pkgs Of Two)",,Sale Items,McKesson,"575163, 635942",SI D700,pack,10,,0,10,7,,
"Gauze, Sterile, 3X4 (10 pkgs Of Two Sponges)",,Sale Items,McKesson,688661,SI D701,pack,10,,6,21,7,,
"Gauze, Sterile, 4X4 (10 pkgs Of Two)",,Sale Items,McKesson,688659,SI D702,pack,10,,6,15,7,,
"Telfa Island Dressing 4""X5""",,Sale Items,McKesson,314019,SI D710,pack,10,,2,20,7,,
"Telfa Non-Adherent Dressing 3""X4""",,Sale Items,McKesson,9973,SI D712,pack,10,,4,10,7,,
"Finger Cage, Lined",,Sale Items,Zimmer,,SI F110,each,1,,0,12,7,,
Gutter Finger Splint W/2 Straps,,Sale Items,Sammons Preston,A5802,SI F120,each,1,,0,0,7,,
"Gutter Splint Straps, Blue",,Sale Items,Sammons Preston,A58002,SI F120A,pack,6,,0,1,7,,
Stax Finger Splint Sz 3,,Sale Items,McKesson,,SI F210,each,1,,,,7,,Special order / nursing to order; Par/max says AS NEEDED; Duplicate internal code
Stax Finger Splint Sz 5,,Sale Items,McKesson,,SI F210,each,1,,,,7,,Special order / nursing to order; Par/max says AS NEEDED; Duplicate internal code
Stax Finger Splint Sz 6,,Sale Items,McKesson,,SI F210,each,1,,,,7,,Special order / nursing to order; Par/max says AS NEEDED; Duplicate internal code
Stax Finger Splint Sz 7,,Sale Items,McKesson,,SI F210,each,1,,,,7,,Special order / nursing to order; Par/max says AS NEEDED; Duplicate internal code
Stax Finger Strap,,Sale Items,McKesson,,SI F210,each,1,,,,7,,Special order / nursing to order; Par/max says AS NEEDED; Duplicate internal code
"Foot Support, Wmn7/Mn5-6",,Sale Items,Tri-Hawk,,SI F400,pair,1,,0,1,7,,
"Foot Support, Wm8-9/Mn7",,Sale Items,Tri-Hawk,,SI F401,pair,1,,0,1,7,,
"Foot Support, Wm10/Mn8-9",,Sale Items,Tri-Hawk,,SI F402,pair,1,,0,1,7,,
"Foot Support, Wmn11/Mn10",,Sale Items,Tri-Hawk,,SI F403,pair,1,,0,1,7,,
"Adjustable Heel Lift, Small",,Sale Items,Alimed,60404 S,SI F605,each,1,,1,3,7,,
"Adjustable Heel Lift, Medium",,Sale Items,Alimed,60404 M,SI F606,each,1,,1,3,7,,
"Adjustable Heel Lift, Large",,Sale Items,Alimed,60404 L,SI F607,each,1,,1,3,7,,
Insole Powerstep F 8-8.5/M 6-6.5,,Sale Items,McKesson,682660,SIF 620,pair,1,,2,5,7,,
Insole Powerstep F 9-9.5/M 7-7.5,,Sale Items,McKesson,682661,SIF 621,pair,1,,2,5,7,,
Insole Powerstep F10-10.5/M 8-8.5,,Sale Items,McKesson,682662,SIF 622,pair,1,,2,5,7,,
Insole Powerstep F 12-12.5/M 10-10.5,,Sale Items,McKesson,682664,SIF 623,pair,1,,2,5,7,,
Insole Powerstep F 13-13.5/M 11-11.5,,Sale Items,McKesson,682665,SIF 624,pair,1,,2,5,7,,
Insole Powerstep F 6-6.5/M 4-4.5,,Sale Items,McKesson,852938,SIF 625,pair,1,,2,5,7,,
Insole Powerstep F 7-7.5/M 5-5.5,,Sale Items,McKesson,541444,SIF 626,pair,1,,2,5,7,,
Insole Powerstep F 11-11.5/M 9-9.5,,Sale Items,McKesson,884094,SIF 627,pair,1,,2,5,7,,
Insole Powerstep M 12 - 13,,Sale Items,McKesson,682666,SIF 628,pair,1,,2,5,7,,
"Post-Op Shoe, Men, Small",,Sale Items,McKesson,712100,SI F700,each,1,,1,3,7,,
"Post-Op Shoe, Men, Medium",,Sale Items,McKesson,712101,SI F701,each,1,,2,4,7,,
"Post-Op Shoe, Men, X-Large",,Sale Items,McKesson,712103,SI F703,each,1,,2,4,7,,
"Post-Op Shoe, Women, Small",,Sale Items,McKesson,712105,SI F750,each,1,,2,4,7,,
"Post-Op Shoe, Women, Medium",,Sale Items,McKesson,712106,SI F751,each,1,,2,4,7,,
"Post-Op Shoe, Women, Large",,Sale Items,McKesson,712107,SI F752,each,1,,2,4,7,,
"Mason-Allen, Large",,Sale Items,McKesson,381617,SI H301,each,1,,1,2,7,,
Invalid Ring,,Sale Items,McKesson,650198,SI I200,each,1,,2,4,7,,
"J-Brace, Small, Left",,Sale Items,DJ Ortho,11-0321-2-06060,SI K350,each,1,,0,1,7,,
"J-Brace, Small, Right",,Sale Items,DJ Ortho,11-0320-2-06060,SI K351,each,1,,0,1,7,,
"J-Brace, Medium, Left",,Sale Items,DJ Ortho,11-0321-3-06060,SI K352,each,1,,1,4,7,,
"J-Brace, Medium, Right",,Sale Items,DJ Ortho,11-0320-3-06060,SI K353,each,1,,1,3,7,,
"J-Brace, Large, Left",,Sale Items,DJ Ortho,11-0321-4-06060,SI K354,each,1,,1,2,7,,
"J-Brace, Large, Right",,Sale Items,DJ Ortho,11-0320-4-06060,SI K355,each,1,,0,2,7,,
"J-Brace, X-Large, Left",,Sale Items,DJ Ortho,11-0321-5-06060,SI K356,each,1,,0,1,7,,
"J-Brace, X-Large, Right",,Sale Items,McKesson,509562,SI K357,each,1,,0,1,7,,
"Knee Brace, 20""",,Sale Items,McKesson,410245,SI K400,each,1,,0,1,7,,
"Knee Brace, 26""",,Sale Items,McKesson,410265,SI K410,each,1,,0,1,7,,
"Knee Brace, Small, Wraparound",,Sale Items,McKesson,370145,SI K500,each,1,,0,1,7,,
"Knee Brace, Medium, Wraparound",,Sale Items,McKesson,370146,SI K501,each,1,,0,1,7,,
"Knee Brace, Large, Wraparound",,Sale Items,McKesson,370147,SI K502,each,1,,0,1,7,,
"Knee Brace, X-Large, Wraparound",,Sale Items,McKesson,370148,SI K503,each,1,,0,1,7,,
"Knee Brace, Xx-Large Wraparound",,Sale Items,McKesson,370150,SI K504,each,1,,0,1,7,,
"Knee Support, Neoprene Sleeve Medium",,Sale Items,McKesson,370129,SI K600,each,1,,2,4,7,,
"Knee Support, Neoprene Sleeve, Large",,Sale Items,McKesson,370130,SI K601,each,1,,0,2,7,,
"Knee Support, Neoprene Sleeve, X-Large",,Sale Items,McKesson,370131,SI K602,each,1,,1,3,7,,
"Lumbar Roll, Super",,Sale Items,OPTP,,SI P220,each,1,,2,5,7,,
"Putty, Extra Soft",,Sale Items,McKesson,1129158,SI P250,each,1,,1,2,7,,
"Putty, Soft",,Sale Items,McKesson,1129150,SI P251,each,1,,1,3,7,,
"Putty, Medium",,Sale Items,McKesson,1129146,SIP252,each,1,,1,3,7,,
"Putty, Firm",,Sale Items,McKesson,1129142,SIP253,each,1,,1,3,7,,
"Stockinette, C",,Sale Items,Sammons Preston,,SI P300,each,1,,0,66,7,,
"Stockinette, D",,Sale Items,Sammons Preston,,SI P301,each,1,,0,66,7,,
"Stockinette, E",,Sale Items,Sammons Preston,,SI P302,each,1,,0,66,7,,
"Stockinette, F",,Sale Items,Sammons Preston,,SI P303,each,1,,0,66,7,,
"Theraband, Yellow Non-Latex",,Sale Items,Performance Health - Medco Sports Medicine,081576701,SI P500,foot,1,,0,150,7,,
"Theraband, Red Non-Latex",,Sale Items,Performance Health - Medco Sports Medicine,081576719,SI P501,foot,1,,0,150,7,,
"Theraband, Green Non-Latex",,Sale Items,Performance Health - Medco Sports Medicine,081576727,SIP502,foot,1,,0,150,7,,
"Theraband, Blue Non-Latex",,Sale Items,Performance Health - Medco Sports Medicine,081576735,SI P503,foot,1,,0,150,7,,
"Theraband, Black",,Sale Items,Performance Health - Medco Sports Medicine,716805,SI P504,foot,1,,0,150,7,,
"Theraband, Silver",,Sale Items,Performance Health - Medco Sports Medicine,716806,SI P505,foot,1,,0,150,7,,
Wall Pulley,,Sale Items,McKesson,315558,SI P700,each,1,,1,2,7,,
"Rib Belt, Men, Universal",,Sale Items,McKesson,380973,SI R200,each,1,,0,1,7,,
"Rib Belt, Women, Universal",,Sale Items,McKesson,251633,SI R250,each,1,,0,1,7,,
"Athletic Tape, 1.5""",,Sale Items,Sammons Preston,,SI T045,roll,1,,0,8,7,,
"Cloth Tape, 1""",,Sale Items,McKesson,5775,SI T055,roll,1,,0,12,7,,
"Coban, 1""",,Sale Items,McKesson,520550,SI T052,each,1,,0,30,7,,
"Coban 2""",,Sale Items,McKesson,520551,SI T 053,each,1,,10,46,7,,Duplicate item name
"Elasticon Tape, 1""",,Sale Items,McKesson,,SI T060,roll,1,,0,0,7,,
"Elasticon Tape, 3""",,Sale Items,McKesson,,SI T065,roll,1,,0,0,7,,
"Micropore Tape, 1/2""",,Sale Items,McKesson,5766,SI T070,roll,1,,0,12,7,,
"Micropore Tape, 1""",,Sale Items,McKesson,5767,SI T075,roll,1,,0,12,7,,
"Micropore Tape, 2""",,Sale Items,McKesson,,SI T080,roll,1,,0,6,7,,
"Thumb Spica, Small, Left",,Sale Items,McKesson,341417,SI T310,each,1,,2,4,7,,
"Thumb Spica, Small, Right",,Sale Items,McKesson,341420,SI T311,each,1,,2,6,7,,
"Thumb Spica, Medium, Left",,Sale Items,McKesson,341418,SI T312,each,1,,2,5,7,,
"Thumb Spica, Medium, Right",,Sale Items,McKesson,341421,SI T313,each,1,,2,5,7,,
"Thumb Spica, Large, Left",,Sale Items,McKesson,341419,SI T314,each,1,,2,4,7,,
"Thumb Spica, Large, Right",,Sale Items,McKesson,341422,SI T315,each,1,,2,4,7,,
"Carpal Tunnel, Small, Right",,Sale Items,RBJ Athletics,,SI W201,each,1,,0,1,7,,
"Carpal Tunnel, Medium, Left",,Sale Items,RBJ Athletics,,SI W202,each,1,,0,1,7,,
"Carpal Tunnel, Medium, Right",,Sale Items,RBJ Athletics,,SI W203,each,1,,1,2,7,,
"Carpal Tunnel, Large, Left",,Sale Items,RBJ Athletics,,SI W204,each,1,,0,1,7,,
"Carpal Tunnle, Large, Right",,Sale Items,RBJ Athletics,,SI W205,each,1,,1,2,7,,
"Carpal Tunnel, X-Large, Left",,Sale Items,RBJ Athletics,,SI W206,each,1,,0,1,7,,
"Carpal Tunnel, X-Large, Right",,Sale Items,RBJ Athletics,,SI W207,each,1,,0,1,7,,
"Thumb Spica, UNI, Right",,Sale Items,McKesson,1159146,SIT321,each,1,,,,7,,Missing par/max
"Thumb Spica, UNI, Left",,Sale Items,McKesson,1159147,SIT322,each,1,,,,7,,Missing par/max
"Forearm Metal, Youth, Left",,Sale Items,Zimmer,,SI W400,each,1,,0,1,7,,
"Forearm Metal, Youth, Right",,Sale Items,Zimmer,,SI W401,each,1,,1,2,7,,
"Forearm Metal, Large, Left",,Sale Items,Zimmer,,SI W402,each,1,,0,1,7,,
"Forearm Metal, Large, Right",,Sale Items,Zimmer,,SI W403,each,1,,0,1,7,,
"Wrist Support, Small, Left",,Sale Items,McKesson,341409,SI W510,each,1,,2,4,7,,
"Wrist Support, Small, Right",,Sale Items,McKesson,341413,SI W511,each,1,,4,8,7,,
"Wrist Support, Medium, Left",,Sale Items,McKesson,341410,SI W512,each,1,,4,8,7,,
"Wrist Support, Medium, Right",,Sale Items,McKesson,341414,SI W513,each,1,,4,8,7,,
"Wrist Support, Large, Left",,Sale Items,McKesson,341411,SI W514,each,1,,2,6,7,,
"Wrist Brace, LT, UNI",,Sale Items,McKesson,832139,SIW521,,,,,,7,,Missing par/max; Missing packaging
"Wrist Brace, RT, UNI",,Sale Items,McKesson,832140,SIW522,,,,,,7,,Missing par/max; Missing packaging
"Wrist Support, Large, Right",,Sale Items,McKesson,341415,SI W515,each,1,,2,6,7,,
Table Paper,,Office / Admin,McKesson,94893,T 010,case,12,,10,20,7,,
"Coban 1"" Latex Free",,Physical Therapy / Ortho,McKesson,520550,T 052,each,1,,10,40,7,,
"Coban 2"" Latex Free",,Physical Therapy / Ortho,McKesson,520551,T 053,each,1,,10,40,7,,
"Coban 3"" Latex Free",,Physical Therapy / Ortho,McKesson,520552,T 054,each,1,,10,40,7,,
"Durapore, 1""",,Medical Supplies,McKesson,5775,T 055,roll,1,,12,24,7,,
"Micropore, 1""",,Medical Supplies,McKesson,5767,T 075,roll,1,,12,24,7,,
"Probe Covers, Wa Sure Temp",,Medical Supplies,McKesson,953916,T 100,box,250,,12,48,7,,
"Tongue Depressors, Unwrapped",,Medical Supplies,McKesson,484942,T 170,box,500,,6,12,7,,
Urine Strainer,,Lab Supplies,McKesson,624634,U 010,each,1,,10,30,7,,
